Unnamed_ 0,X,Y,Population,Elevation,Weight,clusters,PS,ID1,ID2,Weight_2,id_2,line_lengt,layer,path,id
"1",192006.877500000002328,8507949.195000000298023,"0",570.796997099999999,7.291562405162455,"8","0",,,,,,Difference,"MultiPoint?crs=EPSG:32723&field=Unnamed_%200:long(18,0)&field=ID:long(18,0)&field=X:double(23,15)&field=Y:double(23,15)&field=Population:long(18,0)&field=Elevation:double(23,15)&field=Weight:double(23,15)&field=clusters:long(18,0)&uid={af20f12a-35ce-49ae-b604-99c472f10235}","1"
"2",191973.116299999994226,8508934.544999999925494,"0",579.273986799999989,6.401154626305784,"8","0",,,,,,Difference,"MultiPoint?crs=EPSG:32723&field=Unnamed_%200:long(18,0)&field=ID:long(18,0)&field=X:double(23,15)&field=Y:double(23,15)&field=Population:long(18,0)&field=Elevation:double(23,15)&field=Weight:double(23,15)&field=clusters:long(18,0)&uid={af20f12a-35ce-49ae-b604-99c472f10235}","2"
"3",191939.362400000012713,8509919.892000000923872,"1",633.072998000000098,4.112276768349772,"8","0",,,,,,Difference,"MultiPoint?crs=EPSG:32723&field=Unnamed_%200:long(18,0)&field=ID:long(18,0)&field=X:double(23,15)&field=Y:double(23,15)&field=Population:long(18,0)&field=Elevation:double(23,15)&field=Weight:double(23,15)&field=clusters:long(18,0)&uid={af20f12a-35ce-49ae-b604-99c472f10235}","3"
"4",193089.700699999986682,8506011.950999999418855,"0",656.960021999999981,9.409743272176168,"8","0",,,,,,Difference,"MultiPoint?crs=EPSG:32723&field=Unnamed_%200:long(18,0)&field=ID:long(18,0)&field=X:double(23,15)&field=Y:double(23,15)&field=Population:long(18,0)&field=Elevation:double(23,15)&field=Weight:double(23,15)&field=clusters:long(18,0)&uid={af20f12a-35ce-49ae-b604-99c472f10235}","4"
"5",193055.929000000003725,8506997.300000000745058,"0",617.835998500000187,7.257248132906032,"8","0",,,,,,Difference,"MultiPoint?crs=EPSG:32723&field=Unnamed_%200:long(18,0)&field=ID:long(18,0)&field=X:double(23,15)&field=Y:double(23,15)&field=Population:long(18,0)&field=Elevation:double(23,15)&field=Weight:double(23,15)&field=clusters:long(18,0)&uid={af20f12a-35ce-49ae-b604-99c472f10235}","5"
"6",193022.164599999989150,8507982.644999999552965,"0",639.260009799999807,7.266555998534408,"8","0",,,,,,Difference,"MultiPoint?crs=EPSG:32723&field=Unnamed_%200:long(18,0)&field=ID:long(18,0)&field=X:double(23,15)&field=Y:double(23,15)&field=Population:long(18,0)&field=Elevation:double(23,15)&field=Weight:double(23,15)&field=clusters:long(18,0)&uid={af20f12a-35ce-49ae-b604-99c472f10235}","6"
"7",192988.407500000001164,8508967.987999999895692,"0",598.659973100000116,3.640040108438453,"8","0",,,,,,Difference,"MultiPoint?crs=EPSG:32723&field=Unnamed_%200:long(18,0)&field=ID:long(18,0)&field=X:double(23,15)&field=Y:double(23,15)&field=Population:long(18,0)&field=Elevation:double(23,15)&field=Weight:double(23,15)&field=clusters:long(18,0)&uid={af20f12a-35ce-49ae-b604-99c472f10235}","7"
"8",192954.657500000001164,8509953.326999999582767,"1",591.601989700000104,4.322533918345163,"8","0",,,,,,Difference,"MultiPoint?crs=EPSG:32723&field=Unnamed_%200:long(18,0)&field=ID:long(18,0)&field=X:double(23,15)&field=Y:double(23,15)&field=Population:long(18,0)&field=Elevation:double(23,15)&field=Weight:double(23,15)&field=clusters:long(18,0)&uid={af20f12a-35ce-49ae-b604-99c472f10235}","8"
"9",192920.914900000003399,8510938.663999998942018,"0",704.445983899999987,6.947222098877700,"8","0",,,,,,Difference,"MultiPoint?crs=EPSG:32723&field=Unnamed_%200:long(18,0)&field=ID:long(18,0)&field=X:double(23,15)&field=Y:double(23,15)&field=Population:long(18,0)&field=Elevation:double(23,15)&field=Weight:double(23,15)&field=clusters:long(18,0)&uid={af20f12a-35ce-49ae-b604-99c472f10235}","9"
"10",192887.179499999998370,8511923.997000001370907,"0",798.572021500000005,9.261668432703649,"8","0",,,,,,Difference,"MultiPoint?crs=EPSG:32723&field=Unnamed_%200:long(18,0)&field=ID:long(18,0)&field=X:double(23,15)&field=Y:double(23,15)&field=Population:long(18,0)&field=Elevation:double(23,15)&field=Weight:double(23,15)&field=clusters:long(18,0)&uid={af20f12a-35ce-49ae-b604-99c472f10235}","10"
"11",194138.746699999988778,8505060.065999999642372,"0",760.887023900000031,9.650612750678032,"8","0",,,,,,Difference,"MultiPoint?crs=EPSG:32723&field=Unnamed_%200:long(18,0)&field=ID:long(18,0)&field=X:double(23,15)&field=Y:double(23,15)&field=Population:long(18,0)&field=Elevation:double(23,15)&field=Weight:double(23,15)&field=clusters:long(18,0)&uid={af20f12a-35ce-49ae-b604-99c472f10235}","11"
"12",194104.972000000008848,8506045.410000000149012,"0",599.492004399999814,9.090753675228383,"8","0",,,,,,Difference,"MultiPoint?crs=EPSG:32723&field=Unnamed_%200:long(18,0)&field=ID:long(18,0)&field=X:double(23,15)&field=Y:double(23,15)&field=Population:long(18,0)&field=Elevation:double(23,15)&field=Weight:double(23,15)&field=clusters:long(18,0)&uid={af20f12a-35ce-49ae-b604-99c472f10235}","12"
"13",194071.204399999987800,8507030.751000000163913,"0",647.921020500000054,9.275595942260148,"8","0",,,,,,Difference,"MultiPoint?crs=EPSG:32723&field=Unnamed_%200:long(18,0)&field=ID:long(18,0)&field=X:double(23,15)&field=Y:double(23,15)&field=Population:long(18,0)&field=Elevation:double(23,15)&field=Weight:double(23,15)&field=clusters:long(18,0)&uid={af20f12a-35ce-49ae-b604-99c472f10235}","13"
"14",194037.444099999993341,8508016.088999999687076,"0",661.513977100000034,7.037199510363044,"8","0",,,,,,Difference,"MultiPoint?crs=EPSG:32723&field=Unnamed_%200:long(18,0)&field=ID:long(18,0)&field=X:double(23,15)&field=Y:double(23,15)&field=Population:long(18,0)&field=Elevation:double(23,15)&field=Weight:double(23,15)&field=clusters:long(18,0)&uid={af20f12a-35ce-49ae-b604-99c472f10235}","14"
"15",194003.690999999991618,8509001.424000000581145,"0",736.159973100000116,1.000000000000000,"8","0",,,,,,Difference,"MultiPoint?crs=EPSG:32723&field=Unnamed_%200:long(18,0)&field=ID:long(18,0)&field=X:double(23,15)&field=Y:double(23,15)&field=Population:long(18,0)&field=Elevation:double(23,15)&field=Weight:double(23,15)&field=clusters:long(18,0)&uid={af20f12a-35ce-49ae-b604-99c472f10235}","15"
"16",193969.945100000011735,8509986.756000000983477,"4",768.309997599999974,6.435163036194982,"8","0",,,,,,Difference,"MultiPoint?crs=EPSG:32723&field=Unnamed_%200:long(18,0)&field=ID:long(18,0)&field=X:double(23,15)&field=Y:double(23,15)&field=Population:long(18,0)&field=Elevation:double(23,15)&field=Weight:double(23,15)&field=clusters:long(18,0)&uid={af20f12a-35ce-49ae-b604-99c472f10235}","16"
"17",193936.206500000000233,8510972.085000000894070,"0",717.601989700000104,7.660660190348892,"8","0",,,,,,Difference,"MultiPoint?crs=EPSG:32723&field=Unnamed_%200:long(18,0)&field=ID:long(18,0)&field=X:double(23,15)&field=Y:double(23,15)&field=Population:long(18,0)&field=Elevation:double(23,15)&field=Weight:double(23,15)&field=clusters:long(18,0)&uid={af20f12a-35ce-49ae-b604-99c472f10235}","17"
"18",193902.475000000005821,8511957.411000000312924,"0",855.757995600000186,7.143945620873993,"8","0",,,,,,Difference,"MultiPoint?crs=EPSG:32723&field=Unnamed_%200:long(18,0)&field=ID:long(18,0)&field=X:double(23,15)&field=Y:double(23,15)&field=Population:long(18,0)&field=Elevation:double(23,15)&field=Weight:double(23,15)&field=clusters:long(18,0)&uid={af20f12a-35ce-49ae-b604-99c472f10235}","18"
"19",193868.750800000008894,8512942.733999999240041,"0",830.416015600000037,7.085047168626021,"8","0",,,,,,Difference,"MultiPoint?crs=EPSG:32723&field=Unnamed_%200:long(18,0)&field=ID:long(18,0)&field=X:double(23,15)&field=Y:double(23,15)&field=Population:long(18,0)&field=Elevation:double(23,15)&field=Weight:double(23,15)&field=clusters:long(18,0)&uid={af20f12a-35ce-49ae-b604-99c472f10235}","19"
"20",195154.006300000008196,8505093.526000000536442,"0",725.711975100000018,9.460029306925914,"8","0",,,,,,Difference,"MultiPoint?crs=EPSG:32723&field=Unnamed_%200:long(18,0)&field=ID:long(18,0)&field=X:double(23,15)&field=Y:double(23,15)&field=Population:long(18,0)&field=Elevation:double(23,15)&field=Weight:double(23,15)&field=clusters:long(18,0)&uid={af20f12a-35ce-49ae-b604-99c472f10235}","20"
"21",195120.235699999990175,8506078.861999999731779,"0",644.570007299999816,9.253352369183428,"8","0",,,,,,Difference,"MultiPoint?crs=EPSG:32723&field=Unnamed_%200:long(18,0)&field=ID:long(18,0)&field=X:double(23,15)&field=Y:double(23,15)&field=Population:long(18,0)&field=Elevation:double(23,15)&field=Weight:double(23,15)&field=clusters:long(18,0)&uid={af20f12a-35ce-49ae-b604-99c472f10235}","21"
"22",195086.472199999989243,8507064.196000000461936,"0",664.043029799999999,9.105210259669468,"8","0",,,,,,Difference,"MultiPoint?crs=EPSG:32723&field=Unnamed_%200:long(18,0)&field=ID:long(18,0)&field=X:double(23,15)&field=Y:double(23,15)&field=Population:long(18,0)&field=Elevation:double(23,15)&field=Weight:double(23,15)&field=clusters:long(18,0)&uid={af20f12a-35ce-49ae-b604-99c472f10235}","22"
"23",195052.715999999985797,8508049.526000000536442,"0",799.252990700000055,7.095391830222317,"8","0",,,,,,Difference,"MultiPoint?crs=EPSG:32723&field=Unnamed_%200:long(18,0)&field=ID:long(18,0)&field=X:double(23,15)&field=Y:double(23,15)&field=Population:long(18,0)&field=Elevation:double(23,15)&field=Weight:double(23,15)&field=clusters:long(18,0)&uid={af20f12a-35ce-49ae-b604-99c472f10235}","23"
"24",195018.966899999999441,8509034.854000000283122,"0",854.674011199999995,1.000000000000000,"8","0",,,,,,Difference,"MultiPoint?crs=EPSG:32723&field=Unnamed_%200:long(18,0)&field=ID:long(18,0)&field=X:double(23,15)&field=Y:double(23,15)&field=Population:long(18,0)&field=Elevation:double(23,15)&field=Weight:double(23,15)&field=clusters:long(18,0)&uid={af20f12a-35ce-49ae-b604-99c472f10235}","24"
"25",194985.225100000010571,8510020.177999999374151,"0",900.039001500000040,5.558433229326920,"8","0",,,,,,Difference,"MultiPoint?crs=EPSG:32723&field=Unnamed_%200:long(18,0)&field=ID:long(18,0)&field=X:double(23,15)&field=Y:double(23,15)&field=Population:long(18,0)&field=Elevation:double(23,15)&field=Weight:double(23,15)&field=clusters:long(18,0)&uid={af20f12a-35ce-49ae-b604-99c472f10235}","25"
"26",194951.490500000014435,8511005.500000000000000,"0",862.413024899999982,7.981966122285278,"8","0",,,,,,Difference,"MultiPoint?crs=EPSG:32723&field=Unnamed_%200:long(18,0)&field=ID:long(18,0)&field=X:double(23,15)&field=Y:double(23,15)&field=Population:long(18,0)&field=Elevation:double(23,15)&field=Weight:double(23,15)&field=clusters:long(18,0)&uid={af20f12a-35ce-49ae-b604-99c472f10235}","26"
"27",194917.763000000006286,8511990.819000000134110,"0",931.064025900000047,7.217202680829923,"8","0",,,,,,Difference,"MultiPoint?crs=EPSG:32723&field=Unnamed_%200:long(18,0)&field=ID:long(18,0)&field=X:double(23,15)&field=Y:double(23,15)&field=Population:long(18,0)&field=Elevation:double(23,15)&field=Weight:double(23,15)&field=clusters:long(18,0)&uid={af20f12a-35ce-49ae-b604-99c472f10235}","27"
"28",194884.042699999990873,8512976.133999999612570,"0",939.135009800000034,7.214655359862645,"8","0",,,,,,Difference,"MultiPoint?crs=EPSG:32723&field=Unnamed_%200:long(18,0)&field=ID:long(18,0)&field=X:double(23,15)&field=Y:double(23,15)&field=Population:long(18,0)&field=Elevation:double(23,15)&field=Weight:double(23,15)&field=clusters:long(18,0)&uid={af20f12a-35ce-49ae-b604-99c472f10235}","28"
"29",196169.258399999991525,8505126.979000000283122,"0",640.622985799999810,9.186011999861446,"8","0",,,,,,Difference,"MultiPoint?crs=EPSG:32723&field=Unnamed_%200:long(18,0)&field=ID:long(18,0)&field=X:double(23,15)&field=Y:double(23,15)&field=Population:long(18,0)&field=Elevation:double(23,15)&field=Weight:double(23,15)&field=clusters:long(18,0)&uid={af20f12a-35ce-49ae-b604-99c472f10235}","29"
"30",196135.491899999993620,8506112.308000000193715,"0",745.364990200000193,9.391966768372100,"8","0",,,,,,Difference,"MultiPoint?crs=EPSG:32723&field=Unnamed_%200:long(18,0)&field=ID:long(18,0)&field=X:double(23,15)&field=Y:double(23,15)&field=Population:long(18,0)&field=Elevation:double(23,15)&field=Weight:double(23,15)&field=clusters:long(18,0)&uid={af20f12a-35ce-49ae-b604-99c472f10235}","30"
"31",196101.732500000012806,8507097.633999999612570,"0",917.289978000000019,9.276531086515275,"8","0",,,,,,Difference,"MultiPoint?crs=EPSG:32723&field=Unnamed_%200:long(18,0)&field=ID:long(18,0)&field=X:double(23,15)&field=Y:double(23,15)&field=Population:long(18,0)&field=Elevation:double(23,15)&field=Weight:double(23,15)&field=clusters:long(18,0)&uid={af20f12a-35ce-49ae-b604-99c472f10235}","31"
"32",196067.980299999995623,8508082.957000000402331,"0",945.992980999999986,7.190682778385643,"8","0",,,,,,Difference,"MultiPoint?crs=EPSG:32723&field=Unnamed_%200:long(18,0)&field=ID:long(18,0)&field=X:double(23,15)&field=Y:double(23,15)&field=Population:long(18,0)&field=Elevation:double(23,15)&field=Weight:double(23,15)&field=clusters:long(18,0)&uid={af20f12a-35ce-49ae-b604-99c472f10235}","32"
"33",196034.235300000000279,8509068.277000000700355,"0",926.163024899999982,5.293651402175512,"8","0",,,,,,Difference,"MultiPoint?crs=EPSG:32723&field=Unnamed_%200:long(18,0)&field=ID:long(18,0)&field=X:double(23,15)&field=Y:double(23,15)&field=Population:long(18,0)&field=Elevation:double(23,15)&field=Weight:double(23,15)&field=clusters:long(18,0)&uid={af20f12a-35ce-49ae-b604-99c472f10235}","33"
"34",196000.497499999997672,8510053.594000000506639,"0",956.658996600000023,3.883552100511052,"8","0",,,,,,Difference,"MultiPoint?crs=EPSG:32723&field=Unnamed_%200:long(18,0)&field=ID:long(18,0)&field=X:double(23,15)&field=Y:double(23,15)&field=Population:long(18,0)&field=Elevation:double(23,15)&field=Weight:double(23,15)&field=clusters:long(18,0)&uid={af20f12a-35ce-49ae-b604-99c472f10235}","34"
"35",195966.766899999987800,8511038.908999999985099,"0",932.664001500000040,9.137703531604508,"8","0",,,,,,Difference,"MultiPoint?crs=EPSG:32723&field=Unnamed_%200:long(18,0)&field=ID:long(18,0)&field=X:double(23,15)&field=Y:double(23,15)&field=Population:long(18,0)&field=Elevation:double(23,15)&field=Weight:double(23,15)&field=clusters:long(18,0)&uid={af20f12a-35ce-49ae-b604-99c472f10235}","35"
"36",195933.043399999995017,8512024.220000000670552,"0",908.312988300000029,7.149960755147736,"8","0",,,,,,Difference,"MultiPoint?crs=EPSG:32723&field=Unnamed_%200:long(18,0)&field=ID:long(18,0)&field=X:double(23,15)&field=Y:double(23,15)&field=Population:long(18,0)&field=Elevation:double(23,15)&field=Weight:double(23,15)&field=clusters:long(18,0)&uid={af20f12a-35ce-49ae-b604-99c472f10235}","36"
"37",195899.327099999994971,8513009.527999999001622,"0",945.476013200000011,7.167562637872792,"8","0",,,,,,Difference,"MultiPoint?crs=EPSG:32723&field=Unnamed_%200:long(18,0)&field=ID:long(18,0)&field=X:double(23,15)&field=Y:double(23,15)&field=Population:long(18,0)&field=Elevation:double(23,15)&field=Weight:double(23,15)&field=clusters:long(18,0)&uid={af20f12a-35ce-49ae-b604-99c472f10235}","37"
"38",195865.617999999987660,8513994.833999998867512,"0",962.911010700000020,7.073434191805982,"8","0",,,,,,Difference,"MultiPoint?crs=EPSG:32723&field=Unnamed_%200:long(18,0)&field=ID:long(18,0)&field=X:double(23,15)&field=Y:double(23,15)&field=Population:long(18,0)&field=Elevation:double(23,15)&field=Weight:double(23,15)&field=clusters:long(18,0)&uid={af20f12a-35ce-49ae-b604-99c472f10235}","38"
"39",197184.502899999992223,8505160.426000000908971,"0",797.304016100000013,9.436859964167287,"8","0",,,,,,Difference,"MultiPoint?crs=EPSG:32723&field=Unnamed_%200:long(18,0)&field=ID:long(18,0)&field=X:double(23,15)&field=Y:double(23,15)&field=Population:long(18,0)&field=Elevation:double(23,15)&field=Weight:double(23,15)&field=clusters:long(18,0)&uid={af20f12a-35ce-49ae-b604-99c472f10235}","39"
"40",197150.740599999990081,8506145.747999999672174,"0",685.296020500000054,7.624524040283152,"8","0",,,,,,Difference,"MultiPoint?crs=EPSG:32723&field=Unnamed_%200:long(18,0)&field=ID:long(18,0)&field=X:double(23,15)&field=Y:double(23,15)&field=Population:long(18,0)&field=Elevation:double(23,15)&field=Weight:double(23,15)&field=clusters:long(18,0)&uid={af20f12a-35ce-49ae-b604-99c472f10235}","40"
"41",197116.985300000000279,8507131.065999999642372,"0",832.005981399999882,7.563668759030168,"8","0",,,,,,Difference,"MultiPoint?crs=EPSG:32723&field=Unnamed_%200:long(18,0)&field=ID:long(18,0)&field=X:double(23,15)&field=Y:double(23,15)&field=Population:long(18,0)&field=Elevation:double(23,15)&field=Weight:double(23,15)&field=clusters:long(18,0)&uid={af20f12a-35ce-49ae-b604-99c472f10235}","41"
"42",197083.237200000003213,8508116.382000001147389,"0",958.023010300000010,6.158008181680279,"8","0",,,,,,Difference,"MultiPoint?crs=EPSG:32723&field=Unnamed_%200:long(18,0)&field=ID:long(18,0)&field=X:double(23,15)&field=Y:double(23,15)&field=Population:long(18,0)&field=Elevation:double(23,15)&field=Weight:double(23,15)&field=clusters:long(18,0)&uid={af20f12a-35ce-49ae-b604-99c472f10235}","42"
"43",197049.496299999998882,8509101.695000000298023,"12",931.934021000000030,5.577322605095176,"8","0",,,,,,Difference,"MultiPoint?crs=EPSG:32723&field=Unnamed_%200:long(18,0)&field=ID:long(18,0)&field=X:double(23,15)&field=Y:double(23,15)&field=Population:long(18,0)&field=Elevation:double(23,15)&field=Weight:double(23,15)&field=clusters:long(18,0)&uid={af20f12a-35ce-49ae-b604-99c472f10235}","43"
"44",197015.762500000011642,8510087.004000000655651,"0",963.109008799999970,1.000000000000000,"8","0",,,,,,Difference,"MultiPoint?crs=EPSG:32723&field=Unnamed_%200:long(18,0)&field=ID:long(18,0)&field=X:double(23,15)&field=Y:double(23,15)&field=Population:long(18,0)&field=Elevation:double(23,15)&field=Weight:double(23,15)&field=clusters:long(18,0)&uid={af20f12a-35ce-49ae-b604-99c472f10235}","44"
"45",196982.035800000012387,8511072.311000000685453,"0",947.359008799999970,5.351003011339271,"8","0",,,,,,Difference,"MultiPoint?crs=EPSG:32723&field=Unnamed_%200:long(18,0)&field=ID:long(18,0)&field=X:double(23,15)&field=Y:double(23,15)&field=Population:long(18,0)&field=Elevation:double(23,15)&field=Weight:double(23,15)&field=clusters:long(18,0)&uid={af20f12a-35ce-49ae-b604-99c472f10235}","45"
"46",196948.316300000005867,8512057.615000000223517,"0",923.961975100000018,1.000000000000000,"8","0",,,,,,Difference,"MultiPoint?crs=EPSG:32723&field=Unnamed_%200:long(18,0)&field=ID:long(18,0)&field=X:double(23,15)&field=Y:double(23,15)&field=Population:long(18,0)&field=Elevation:double(23,15)&field=Weight:double(23,15)&field=clusters:long(18,0)&uid={af20f12a-35ce-49ae-b604-99c472f10235}","46"
"47",196914.603899999987334,8513042.916000001132488,"0",905.840026899999998,6.659267967281831,"8","0",,,,,,Difference,"MultiPoint?crs=EPSG:32723&field=Unnamed_%200:long(18,0)&field=ID:long(18,0)&field=X:double(23,15)&field=Y:double(23,15)&field=Population:long(18,0)&field=Elevation:double(23,15)&field=Weight:double(23,15)&field=clusters:long(18,0)&uid={af20f12a-35ce-49ae-b604-99c472f10235}","47"
"48",196880.898799999995390,8514028.213999999687076,"0",931.458007800000019,7.075380549155208,"8","0",,,,,,Difference,"MultiPoint?crs=EPSG:32723&field=Unnamed_%200:long(18,0)&field=ID:long(18,0)&field=X:double(23,15)&field=Y:double(23,15)&field=Population:long(18,0)&field=Elevation:double(23,15)&field=Weight:double(23,15)&field=clusters:long(18,0)&uid={af20f12a-35ce-49ae-b604-99c472f10235}","48"
"49",198233.505399999994552,8504208.550000000745058,"0",898.177978499999995,9.387827996704566,"8","0",,,,,,Difference,"MultiPoint?crs=EPSG:32723&field=Unnamed_%200:long(18,0)&field=ID:long(18,0)&field=X:double(23,15)&field=Y:double(23,15)&field=Population:long(18,0)&field=Elevation:double(23,15)&field=Weight:double(23,15)&field=clusters:long(18,0)&uid={af20f12a-35ce-49ae-b604-99c472f10235}","49"
"50",198199.740099999995437,8505193.867000000551343,"0",896.422973599999978,9.183725205485931,"8","0",,,,,,Difference,"MultiPoint?crs=EPSG:32723&field=Unnamed_%200:long(18,0)&field=ID:long(18,0)&field=X:double(23,15)&field=Y:double(23,15)&field=Population:long(18,0)&field=Elevation:double(23,15)&field=Weight:double(23,15)&field=clusters:long(18,0)&uid={af20f12a-35ce-49ae-b604-99c472f10235}","50"
"51",198165.981800000008661,8506179.180999999865890,"0",827.117004399999814,9.540634530446839,"8","0",,,,,,Difference,"MultiPoint?crs=EPSG:32723&field=Unnamed_%200:long(18,0)&field=ID:long(18,0)&field=X:double(23,15)&field=Y:double(23,15)&field=Population:long(18,0)&field=Elevation:double(23,15)&field=Weight:double(23,15)&field=clusters:long(18,0)&uid={af20f12a-35ce-49ae-b604-99c472f10235}","51"
"52",198132.230600000009872,8507164.492999998852611,"0",813.179992700000184,7.155435777542381,"8","0",,,,,,Difference,"MultiPoint?crs=EPSG:32723&field=Unnamed_%200:long(18,0)&field=ID:long(18,0)&field=X:double(23,15)&field=Y:double(23,15)&field=Population:long(18,0)&field=Elevation:double(23,15)&field=Weight:double(23,15)&field=clusters:long(18,0)&uid={af20f12a-35ce-49ae-b604-99c472f10235}","52"
"53",198098.486600000003818,8508149.801000000908971,"43",858.541015599999810,4.094793991268468,"8","0",,,,,,Difference,"MultiPoint?crs=EPSG:32723&field=Unnamed_%200:long(18,0)&field=ID:long(18,0)&field=X:double(23,15)&field=Y:double(23,15)&field=Population:long(18,0)&field=Elevation:double(23,15)&field=Weight:double(23,15)&field=clusters:long(18,0)&uid={af20f12a-35ce-49ae-b604-99c472f10235}","53"
"54",198064.749699999985751,8509135.106000000610948,"115",919.656982399999947,2.658471125382913,"8","0",,,,,,Difference,"MultiPoint?crs=EPSG:32723&field=Unnamed_%200:long(18,0)&field=ID:long(18,0)&field=X:double(23,15)&field=Y:double(23,15)&field=Population:long(18,0)&field=Elevation:double(23,15)&field=Weight:double(23,15)&field=clusters:long(18,0)&uid={af20f12a-35ce-49ae-b604-99c472f10235}","54"
"55",198031.019900000013877,8510120.407999999821186,"7",923.020019499999989,3.095025723791900,"8","0",,,,,,Difference,"MultiPoint?crs=EPSG:32723&field=Unnamed_%200:long(18,0)&field=ID:long(18,0)&field=X:double(23,15)&field=Y:double(23,15)&field=Population:long(18,0)&field=Elevation:double(23,15)&field=Weight:double(23,15)&field=clusters:long(18,0)&uid={af20f12a-35ce-49ae-b604-99c472f10235}","55"
"56",197997.297300000005635,8511105.707999998703599,"0",924.286987299999964,2.960782095103530,"8","0",,,,,,Difference,"MultiPoint?crs=EPSG:32723&field=Unnamed_%200:long(18,0)&field=ID:long(18,0)&field=X:double(23,15)&field=Y:double(23,15)&field=Population:long(18,0)&field=Elevation:double(23,15)&field=Weight:double(23,15)&field=clusters:long(18,0)&uid={af20f12a-35ce-49ae-b604-99c472f10235}","56"
"57",197963.581700000009732,8512091.004000000655651,"0",931.338012700000036,6.545110914587323,"8","0",,,,,,Difference,"MultiPoint?crs=EPSG:32723&field=Unnamed_%200:long(18,0)&field=ID:long(18,0)&field=X:double(23,15)&field=Y:double(23,15)&field=Population:long(18,0)&field=Elevation:double(23,15)&field=Weight:double(23,15)&field=clusters:long(18,0)&uid={af20f12a-35ce-49ae-b604-99c472f10235}","57"
"58",197929.873300000006566,8513076.298000000417233,"0",934.356018100000028,7.048989905374897,"8","0",,,,,,Difference,"MultiPoint?crs=EPSG:32723&field=Unnamed_%200:long(18,0)&field=ID:long(18,0)&field=X:double(23,15)&field=Y:double(23,15)&field=Population:long(18,0)&field=Elevation:double(23,15)&field=Weight:double(23,15)&field=clusters:long(18,0)&uid={af20f12a-35ce-49ae-b604-99c472f10235}","58"
"59",197896.171999999991385,8514061.588999999687076,"0",916.681030299999975,7.075620725888789,"8","0",,,,,,Difference,"MultiPoint?crs=EPSG:32723&field=Unnamed_%200:long(18,0)&field=ID:long(18,0)&field=X:double(23,15)&field=Y:double(23,15)&field=Population:long(18,0)&field=Elevation:double(23,15)&field=Weight:double(23,15)&field=clusters:long(18,0)&uid={af20f12a-35ce-49ae-b604-99c472f10235}","59"
"60",197862.477899999998044,8515046.877000000327826,"0",933.004028299999959,7.010844797026078,"8","0",,,,,,Difference,"MultiPoint?crs=EPSG:32723&field=Unnamed_%200:long(18,0)&field=ID:long(18,0)&field=X:double(23,15)&field=Y:double(23,15)&field=Population:long(18,0)&field=Elevation:double(23,15)&field=Weight:double(23,15)&field=clusters:long(18,0)&uid={af20f12a-35ce-49ae-b604-99c472f10235}","60"
"61",199248.730899999995017,8504241.992000000551343,"0",931.390014599999972,7.351422313692463,"8","0",,,,,,Difference,"MultiPoint?crs=EPSG:32723&field=Unnamed_%200:long(18,0)&field=ID:long(18,0)&field=X:double(23,15)&field=Y:double(23,15)&field=Population:long(18,0)&field=Elevation:double(23,15)&field=Weight:double(23,15)&field=clusters:long(18,0)&uid={af20f12a-35ce-49ae-b604-99c472f10235}","61"
"62",199214.969600000011269,8505227.302000001072884,"0",1020.469970999999987,7.183386557480040,"8","0",,,,,,Difference,"MultiPoint?crs=EPSG:32723&field=Unnamed_%200:long(18,0)&field=ID:long(18,0)&field=X:double(23,15)&field=Y:double(23,15)&field=Population:long(18,0)&field=Elevation:double(23,15)&field=Weight:double(23,15)&field=clusters:long(18,0)&uid={af20f12a-35ce-49ae-b604-99c472f10235}","62"
"63",199181.215499999991152,8506212.608999999240041,"0",821.882995600000186,7.025906356736265,"8","0",,,,,,Difference,"MultiPoint?crs=EPSG:32723&field=Unnamed_%200:long(18,0)&field=ID:long(18,0)&field=X:double(23,15)&field=Y:double(23,15)&field=Population:long(18,0)&field=Elevation:double(23,15)&field=Weight:double(23,15)&field=clusters:long(18,0)&uid={af20f12a-35ce-49ae-b604-99c472f10235}","63"
"64",199147.468400000012480,8507197.912000000476837,"0",798.257019000000014,7.612774218894503,"8","0",,,,,,Difference,"MultiPoint?crs=EPSG:32723&field=Unnamed_%200:long(18,0)&field=ID:long(18,0)&field=X:double(23,15)&field=Y:double(23,15)&field=Population:long(18,0)&field=Elevation:double(23,15)&field=Weight:double(23,15)&field=clusters:long(18,0)&uid={af20f12a-35ce-49ae-b604-99c472f10235}","64"
"65",199113.728499999997439,8508183.212999999523163,"0",893.864013699999987,6.056271229268114,"8","0",,,,,,Difference,"MultiPoint?crs=EPSG:32723&field=Unnamed_%200:long(18,0)&field=ID:long(18,0)&field=X:double(23,15)&field=Y:double(23,15)&field=Population:long(18,0)&field=Elevation:double(23,15)&field=Weight:double(23,15)&field=clusters:long(18,0)&uid={af20f12a-35ce-49ae-b604-99c472f10235}","65"
"66",199079.995599999994738,8509168.510999999940395,"2",834.898010299999896,1.000000000000000,"8","0",,,,,,Difference,"MultiPoint?crs=EPSG:32723&field=Unnamed_%200:long(18,0)&field=ID:long(18,0)&field=X:double(23,15)&field=Y:double(23,15)&field=Population:long(18,0)&field=Elevation:double(23,15)&field=Weight:double(23,15)&field=clusters:long(18,0)&uid={af20f12a-35ce-49ae-b604-99c472f10235}","66"
"67",199046.269800000009127,8510153.805999999865890,"0",918.083984399999963,6.998919885151260,"8","0",,,,,,Difference,"MultiPoint?crs=EPSG:32723&field=Unnamed_%200:long(18,0)&field=ID:long(18,0)&field=X:double(23,15)&field=Y:double(23,15)&field=Population:long(18,0)&field=Elevation:double(23,15)&field=Weight:double(23,15)&field=clusters:long(18,0)&uid={af20f12a-35ce-49ae-b604-99c472f10235}","67"
"68",199012.551199999987148,8511139.097999999299645,"0",937.387023900000031,8.764031896844093,"8","0",,,,,,Difference,"MultiPoint?crs=EPSG:32723&field=Unnamed_%200:long(18,0)&field=ID:long(18,0)&field=X:double(23,15)&field=Y:double(23,15)&field=Population:long(18,0)&field=Elevation:double(23,15)&field=Weight:double(23,15)&field=clusters:long(18,0)&uid={af20f12a-35ce-49ae-b604-99c472f10235}","68"
"69",198978.839600000006612,8512124.387000000104308,"0",939.734008799999970,5.150562138327183,"8","0",,,,,,Difference,"MultiPoint?crs=EPSG:32723&field=Unnamed_%200:long(18,0)&field=ID:long(18,0)&field=X:double(23,15)&field=Y:double(23,15)&field=Population:long(18,0)&field=Elevation:double(23,15)&field=Weight:double(23,15)&field=clusters:long(18,0)&uid={af20f12a-35ce-49ae-b604-99c472f10235}","69"
"70",198945.135199999989709,8513109.674000000581145,"0",955.788024899999982,4.676343893198415,"8","0",,,,,,Difference,"MultiPoint?crs=EPSG:32723&field=Unnamed_%200:long(18,0)&field=ID:long(18,0)&field=X:double(23,15)&field=Y:double(23,15)&field=Population:long(18,0)&field=Elevation:double(23,15)&field=Weight:double(23,15)&field=clusters:long(18,0)&uid={af20f12a-35ce-49ae-b604-99c472f10235}","70"
"71",198911.437800000014249,8514094.957000000402331,"0",946.729980500000011,5.109484185209840,"8","0",,,,,,Difference,"MultiPoint?crs=EPSG:32723&field=Unnamed_%200:long(18,0)&field=ID:long(18,0)&field=X:double(23,15)&field=Y:double(23,15)&field=Population:long(18,0)&field=Elevation:double(23,15)&field=Weight:double(23,15)&field=clusters:long(18,0)&uid={af20f12a-35ce-49ae-b604-99c472f10235}","71"
"72",200263.948899999988498,8504275.427000001072884,"0",942.827026400000022,7.122005219534862,"8","0",,,,,,Difference,"MultiPoint?crs=EPSG:32723&field=Unnamed_%200:long(18,0)&field=ID:long(18,0)&field=X:double(23,15)&field=Y:double(23,15)&field=Population:long(18,0)&field=Elevation:double(23,15)&field=Weight:double(23,15)&field=clusters:long(18,0)&uid={af20f12a-35ce-49ae-b604-99c472f10235}","72"
"73",200230.191800000000512,8505260.730000000447035,"0",932.223022499999956,7.178850218980781,"8","0",,,,,,Difference,"MultiPoint?crs=EPSG:32723&field=Unnamed_%200:long(18,0)&field=ID:long(18,0)&field=X:double(23,15)&field=Y:double(23,15)&field=Population:long(18,0)&field=Elevation:double(23,15)&field=Weight:double(23,15)&field=clusters:long(18,0)&uid={af20f12a-35ce-49ae-b604-99c472f10235}","73"
"74",200196.441800000000512,8506246.029999999329448,"0",906.294006299999978,7.104005713122297,"8","0",,,,,,Difference,"MultiPoint?crs=EPSG:32723&field=Unnamed_%200:long(18,0)&field=ID:long(18,0)&field=X:double(23,15)&field=Y:double(23,15)&field=Population:long(18,0)&field=Elevation:double(23,15)&field=Weight:double(23,15)&field=clusters:long(18,0)&uid={af20f12a-35ce-49ae-b604-99c472f10235}","74"
"75",200162.698800000012852,8507231.325999999418855,"0",905.911987299999964,7.089459743416238,"8","0",,,,,,Difference,"MultiPoint?crs=EPSG:32723&field=Unnamed_%200:long(18,0)&field=ID:long(18,0)&field=X:double(23,15)&field=Y:double(23,15)&field=Population:long(18,0)&field=Elevation:double(23,15)&field=Weight:double(23,15)&field=clusters:long(18,0)&uid={af20f12a-35ce-49ae-b604-99c472f10235}","75"
"76",200128.962999999988824,8508216.619999999180436,"0",751.827026399999795,4.588564977587410,"8","0",,,,,,Difference,"MultiPoint?crs=EPSG:32723&field=Unnamed_%200:long(18,0)&field=ID:long(18,0)&field=X:double(23,15)&field=Y:double(23,15)&field=Population:long(18,0)&field=Elevation:double(23,15)&field=Weight:double(23,15)&field=clusters:long(18,0)&uid={af20f12a-35ce-49ae-b604-99c472f10235}","76"
"77",200095.234100000001490,8509201.910000000149012,"10",864.101989699999990,5.725728461123889,"8","0",,,,,,Difference,"MultiPoint?crs=EPSG:32723&field=Unnamed_%200:long(18,0)&field=ID:long(18,0)&field=X:double(23,15)&field=Y:double(23,15)&field=Population:long(18,0)&field=Elevation:double(23,15)&field=Weight:double(23,15)&field=clusters:long(18,0)&uid={af20f12a-35ce-49ae-b604-99c472f10235}","77"
"78",200061.512400000006892,8510187.197999998927116,"0",864.349975600000107,9.094384813050283,"8","0",,,,,,Difference,"MultiPoint?crs=EPSG:32723&field=Unnamed_%200:long(18,0)&field=ID:long(18,0)&field=X:double(23,15)&field=Y:double(23,15)&field=Population:long(18,0)&field=Elevation:double(23,15)&field=Weight:double(23,15)&field=clusters:long(18,0)&uid={af20f12a-35ce-49ae-b604-99c472f10235}","78"
"79",200027.797699999995530,8511172.482999999076128,"0",870.007018999999900,7.252841798557258,"8","0",,,,,,Difference,"MultiPoint?crs=EPSG:32723&field=Unnamed_%200:long(18,0)&field=ID:long(18,0)&field=X:double(23,15)&field=Y:double(23,15)&field=Population:long(18,0)&field=Elevation:double(23,15)&field=Weight:double(23,15)&field=clusters:long(18,0)&uid={af20f12a-35ce-49ae-b604-99c472f10235}","79"
"80",199994.090100000001257,8512157.764000000432134,"0",845.854003899999725,7.222276610041313,"8","0",,,,,,Difference,"MultiPoint?crs=EPSG:32723&field=Unnamed_%200:long(18,0)&field=ID:long(18,0)&field=X:double(23,15)&field=Y:double(23,15)&field=Population:long(18,0)&field=Elevation:double(23,15)&field=Weight:double(23,15)&field=clusters:long(18,0)&uid={af20f12a-35ce-49ae-b604-99c472f10235}","80"
"81",199960.389499999990221,8513143.042999999597669,"0",880.202026400000022,8.626280734318332,"8","0",,,,,,Difference,"MultiPoint?crs=EPSG:32723&field=Unnamed_%200:long(18,0)&field=ID:long(18,0)&field=X:double(23,15)&field=Y:double(23,15)&field=Population:long(18,0)&field=Elevation:double(23,15)&field=Weight:double(23,15)&field=clusters:long(18,0)&uid={af20f12a-35ce-49ae-b604-99c472f10235}","81"
"82",199926.696100000001024,8514128.319000000134110,"0",964.723999000000049,8.061844097940705,"8","0",,,,,,Difference,"MultiPoint?crs=EPSG:32723&field=Unnamed_%200:long(18,0)&field=ID:long(18,0)&field=X:double(23,15)&field=Y:double(23,15)&field=Population:long(18,0)&field=Elevation:double(23,15)&field=Weight:double(23,15)&field=clusters:long(18,0)&uid={af20f12a-35ce-49ae-b604-99c472f10235}","82"
"83",199893.009799999999814,8515113.593000000342727,"0",950.901000999999951,5.390193921493468,"8","0",,,,,,Difference,"MultiPoint?crs=EPSG:32723&field=Unnamed_%200:long(18,0)&field=ID:long(18,0)&field=X:double(23,15)&field=Y:double(23,15)&field=Population:long(18,0)&field=Elevation:double(23,15)&field=Weight:double(23,15)&field=clusters:long(18,0)&uid={af20f12a-35ce-49ae-b604-99c472f10235}","83"
"84",201279.159500000008848,8504308.857000000774860,"0",883.856994600000007,7.168822977525068,"8","0",,,,,,Difference,"MultiPoint?crs=EPSG:32723&field=Unnamed_%200:long(18,0)&field=ID:long(18,0)&field=X:double(23,15)&field=Y:double(23,15)&field=Population:long(18,0)&field=Elevation:double(23,15)&field=Weight:double(23,15)&field=clusters:long(18,0)&uid={af20f12a-35ce-49ae-b604-99c472f10235}","84"
"85",201245.406599999987520,8505294.152000000700355,"0",917.706970200000001,7.251646449968227,"8","0",,,,,,Difference,"MultiPoint?crs=EPSG:32723&field=Unnamed_%200:long(18,0)&field=ID:long(18,0)&field=X:double(23,15)&field=Y:double(23,15)&field=Population:long(18,0)&field=Elevation:double(23,15)&field=Weight:double(23,15)&field=clusters:long(18,0)&uid={af20f12a-35ce-49ae-b604-99c472f10235}","85"
"86",201211.660700000007637,8506279.444000000134110,"0",943.700988800000005,7.371610868927673,"8","0",,,,,,Difference,"MultiPoint?crs=EPSG:32723&field=Unnamed_%200:long(18,0)&field=ID:long(18,0)&field=X:double(23,15)&field=Y:double(23,15)&field=Population:long(18,0)&field=Elevation:double(23,15)&field=Weight:double(23,15)&field=clusters:long(18,0)&uid={af20f12a-35ce-49ae-b604-99c472f10235}","86"
"87",201177.921800000010990,8507264.732999999076128,"0",862.823974599999815,7.209997503744513,"8","0",,,,,,Difference,"MultiPoint?crs=EPSG:32723&field=Unnamed_%200:long(18,0)&field=ID:long(18,0)&field=X:double(23,15)&field=Y:double(23,15)&field=Population:long(18,0)&field=Elevation:double(23,15)&field=Weight:double(23,15)&field=clusters:long(18,0)&uid={af20f12a-35ce-49ae-b604-99c472f10235}","87"
"88",201144.190000000002328,8508250.019999999552965,"0",848.395019499999989,7.243948038843647,"8","0",,,,,,Difference,"MultiPoint?crs=EPSG:32723&field=Unnamed_%200:long(18,0)&field=ID:long(18,0)&field=X:double(23,15)&field=Y:double(23,15)&field=Population:long(18,0)&field=Elevation:double(23,15)&field=Weight:double(23,15)&field=clusters:long(18,0)&uid={af20f12a-35ce-49ae-b604-99c472f10235}","88"
"89",201110.465200000006007,8509235.302999999374151,"6",809.370971700000041,3.895093161946463,"8","0",,,,,,Difference,"MultiPoint?crs=EPSG:32723&field=Unnamed_%200:long(18,0)&field=ID:long(18,0)&field=X:double(23,15)&field=Y:double(23,15)&field=Population:long(18,0)&field=Elevation:double(23,15)&field=Weight:double(23,15)&field=clusters:long(18,0)&uid={af20f12a-35ce-49ae-b604-99c472f10235}","89"
"90",201076.747499999997672,8510220.582999998703599,"0",874.107971200000179,4.545452851056004,"8","0",,,,,,Difference,"MultiPoint?crs=EPSG:32723&field=Unnamed_%200:long(18,0)&field=ID:long(18,0)&field=X:double(23,15)&field=Y:double(23,15)&field=Population:long(18,0)&field=Elevation:double(23,15)&field=Weight:double(23,15)&field=clusters:long(18,0)&uid={af20f12a-35ce-49ae-b604-99c472f10235}","90"
"91",201043.036800000001676,8511205.860999999567866,"0",800.736999500000024,7.146596148889360,"8","0",,,,,,Difference,"MultiPoint?crs=EPSG:32723&field=Unnamed_%200:long(18,0)&field=ID:long(18,0)&field=X:double(23,15)&field=Y:double(23,15)&field=Population:long(18,0)&field=Elevation:double(23,15)&field=Weight:double(23,15)&field=clusters:long(18,0)&uid={af20f12a-35ce-49ae-b604-99c472f10235}","91"
"92",201009.333099999988917,8512191.134999999776483,"0",816.364990200000193,9.175278556335581,"8","0",,,,,,Difference,"MultiPoint?crs=EPSG:32723&field=Unnamed_%200:long(18,0)&field=ID:long(18,0)&field=X:double(23,15)&field=Y:double(23,15)&field=Population:long(18,0)&field=Elevation:double(23,15)&field=Weight:double(23,15)&field=clusters:long(18,0)&uid={af20f12a-35ce-49ae-b604-99c472f10235}","92"
"93",200975.636599999997998,8513176.406999999657273,"0",828.442993200000046,9.146147382874060,"8","0",,,,,,Difference,"MultiPoint?crs=EPSG:32723&field=Unnamed_%200:long(18,0)&field=ID:long(18,0)&field=X:double(23,15)&field=Y:double(23,15)&field=Population:long(18,0)&field=Elevation:double(23,15)&field=Weight:double(23,15)&field=clusters:long(18,0)&uid={af20f12a-35ce-49ae-b604-99c472f10235}","93"
"94",200941.946999999985565,8514161.676000000908971,"0",970.455017099999964,9.121579672038028,"8","0",,,,,,Difference,"MultiPoint?crs=EPSG:32723&field=Unnamed_%200:long(18,0)&field=ID:long(18,0)&field=X:double(23,15)&field=Y:double(23,15)&field=Population:long(18,0)&field=Elevation:double(23,15)&field=Weight:double(23,15)&field=clusters:long(18,0)&uid={af20f12a-35ce-49ae-b604-99c472f10235}","94"
"95",200908.264599999994971,8515146.941999999806285,"0",923.913024899999982,6.311716566008108,"8","0",,,,,,Difference,"MultiPoint?crs=EPSG:32723&field=Unnamed_%200:long(18,0)&field=ID:long(18,0)&field=X:double(23,15)&field=Y:double(23,15)&field=Population:long(18,0)&field=Elevation:double(23,15)&field=Weight:double(23,15)&field=clusters:long(18,0)&uid={af20f12a-35ce-49ae-b604-99c472f10235}","95"
"96",202294.362800000002608,8504342.279999999329448,"0",900.080017099999964,7.122067524071412,"8","0",,,,,,Difference,"MultiPoint?crs=EPSG:32723&field=Unnamed_%200:long(18,0)&field=ID:long(18,0)&field=X:double(23,15)&field=Y:double(23,15)&field=Population:long(18,0)&field=Elevation:double(23,15)&field=Weight:double(23,15)&field=clusters:long(18,0)&uid={af20f12a-35ce-49ae-b604-99c472f10235}","96"
"97",202260.614000000001397,8505327.567999999970198,"0",857.494018600000118,7.178155072349602,"8","0",,,,,,Difference,"MultiPoint?crs=EPSG:32723&field=Unnamed_%200:long(18,0)&field=ID:long(18,0)&field=X:double(23,15)&field=Y:double(23,15)&field=Population:long(18,0)&field=Elevation:double(23,15)&field=Weight:double(23,15)&field=clusters:long(18,0)&uid={af20f12a-35ce-49ae-b604-99c472f10235}","97"
"98",202226.872200000012526,8506312.853000000119209,"0",879.252014200000190,7.349911829735383,"8","0",,,,,,Difference,"MultiPoint?crs=EPSG:32723&field=Unnamed_%200:long(18,0)&field=ID:long(18,0)&field=X:double(23,15)&field=Y:double(23,15)&field=Population:long(18,0)&field=Elevation:double(23,15)&field=Weight:double(23,15)&field=clusters:long(18,0)&uid={af20f12a-35ce-49ae-b604-99c472f10235}","98"
"99",202193.137400000006892,8507298.134999999776483,"0",900.968994100000032,7.247604702285937,"8","0",,,,,,Difference,"MultiPoint?crs=EPSG:32723&field=Unnamed_%200:long(18,0)&field=ID:long(18,0)&field=X:double(23,15)&field=Y:double(23,15)&field=Population:long(18,0)&field=Elevation:double(23,15)&field=Weight:double(23,15)&field=clusters:long(18,0)&uid={af20f12a-35ce-49ae-b604-99c472f10235}","99"
"100",202159.409600000013597,8508283.413999998942018,"2",841.932983399999898,7.130959169459437,"8","0",,,,,,Difference,"MultiPoint?crs=EPSG:32723&field=Unnamed_%200:long(18,0)&field=ID:long(18,0)&field=X:double(23,15)&field=Y:double(23,15)&field=Population:long(18,0)&field=Elevation:double(23,15)&field=Weight:double(23,15)&field=clusters:long(18,0)&uid={af20f12a-35ce-49ae-b604-99c472f10235}","100"
"101",202125.688900000008289,8509268.689999999478459,"6",785.221008299999994,4.960384272634358,"8","0",,,,,,Difference,"MultiPoint?crs=EPSG:32723&field=Unnamed_%200:long(18,0)&field=ID:long(18,0)&field=X:double(23,15)&field=Y:double(23,15)&field=Population:long(18,0)&field=Elevation:double(23,15)&field=Weight:double(23,15)&field=clusters:long(18,0)&uid={af20f12a-35ce-49ae-b604-99c472f10235}","101"
"102",202091.975100000010571,8510253.962999999523163,"4",782.690002400000026,3.481953438454385,"8","0",,,,,,Difference,"MultiPoint?crs=EPSG:32723&field=Unnamed_%200:long(18,0)&field=ID:long(18,0)&field=X:double(23,15)&field=Y:double(23,15)&field=Population:long(18,0)&field=Elevation:double(23,15)&field=Weight:double(23,15)&field=clusters:long(18,0)&uid={af20f12a-35ce-49ae-b604-99c472f10235}","102"
"103",202058.268500000005588,8511239.232999999076128,"0",827.645019499999989,7.176544555650930,"8","0",,,,,,Difference,"MultiPoint?crs=EPSG:32723&field=Unnamed_%200:long(18,0)&field=ID:long(18,0)&field=X:double(23,15)&field=Y:double(23,15)&field=Population:long(18,0)&field=Elevation:double(23,15)&field=Weight:double(23,15)&field=clusters:long(18,0)&uid={af20f12a-35ce-49ae-b604-99c472f10235}","103"
"104",202024.568800000008196,8512224.500000000000000,"4",825.809997599999974,7.378452903368950,"8","0",,,,,,Difference,"MultiPoint?crs=EPSG:32723&field=Unnamed_%200:long(18,0)&field=ID:long(18,0)&field=X:double(23,15)&field=Y:double(23,15)&field=Population:long(18,0)&field=Elevation:double(23,15)&field=Weight:double(23,15)&field=clusters:long(18,0)&uid={af20f12a-35ce-49ae-b604-99c472f10235}","104"
"105",201990.876199999998789,8513209.764000000432134,"5",847.414001500000040,7.144255486746508,"8","0",,,,,,Difference,"MultiPoint?crs=EPSG:32723&field=Unnamed_%200:long(18,0)&field=ID:long(18,0)&field=X:double(23,15)&field=Y:double(23,15)&field=Population:long(18,0)&field=Elevation:double(23,15)&field=Weight:double(23,15)&field=clusters:long(18,0)&uid={af20f12a-35ce-49ae-b604-99c472f10235}","105"
"106",201957.190600000001723,8514195.026000000536442,"0",875.359985400000028,7.431252638078022,"8","0",,,,,,Difference,"MultiPoint?crs=EPSG:32723&field=Unnamed_%200:long(18,0)&field=ID:long(18,0)&field=X:double(23,15)&field=Y:double(23,15)&field=Population:long(18,0)&field=Elevation:double(23,15)&field=Weight:double(23,15)&field=clusters:long(18,0)&uid={af20f12a-35ce-49ae-b604-99c472f10235}","106"
"107",201923.511999999987893,8515180.285000000149012,"0",866.241027799999870,4.655266988539297,"8","0",,,,,,Difference,"MultiPoint?crs=EPSG:32723&field=Unnamed_%200:long(18,0)&field=ID:long(18,0)&field=X:double(23,15)&field=Y:double(23,15)&field=Population:long(18,0)&field=Elevation:double(23,15)&field=Weight:double(23,15)&field=clusters:long(18,0)&uid={af20f12a-35ce-49ae-b604-99c472f10235}","107"
"108",201889.840499999991152,8516165.539999999105930,"2",903.070007300000043,3.270648702357972,"8","0",,,,,,Difference,"MultiPoint?crs=EPSG:32723&field=Unnamed_%200:long(18,0)&field=ID:long(18,0)&field=X:double(23,15)&field=Y:double(23,15)&field=Population:long(18,0)&field=Elevation:double(23,15)&field=Weight:double(23,15)&field=clusters:long(18,0)&uid={af20f12a-35ce-49ae-b604-99c472f10235}","108"
"109",203309.558699999994133,8504375.696000000461936,"0",943.793029799999999,7.169467362264847,"8","0",,,,,,Difference,"MultiPoint?crs=EPSG:32723&field=Unnamed_%200:long(18,0)&field=ID:long(18,0)&field=X:double(23,15)&field=Y:double(23,15)&field=Population:long(18,0)&field=Elevation:double(23,15)&field=Weight:double(23,15)&field=clusters:long(18,0)&uid={af20f12a-35ce-49ae-b604-99c472f10235}","109"
"110",203275.814000000013039,8505360.976999999955297,"0",932.007995599999958,7.077862770061301,"8","0",,,,,,Difference,"MultiPoint?crs=EPSG:32723&field=Unnamed_%200:long(18,0)&field=ID:long(18,0)&field=X:double(23,15)&field=Y:double(23,15)&field=Population:long(18,0)&field=Elevation:double(23,15)&field=Weight:double(23,15)&field=clusters:long(18,0)&uid={af20f12a-35ce-49ae-b604-99c472f10235}","110"
"111",203242.076399999990826,8506346.255000000819564,"0",850.567993200000046,7.190698801018740,"8","0",,,,,,Difference,"MultiPoint?crs=EPSG:32723&field=Unnamed_%200:long(18,0)&field=ID:long(18,0)&field=X:double(23,15)&field=Y:double(23,15)&field=Population:long(18,0)&field=Elevation:double(23,15)&field=Weight:double(23,15)&field=clusters:long(18,0)&uid={af20f12a-35ce-49ae-b604-99c472f10235}","111"
"112",203208.345600000000559,8507331.529999999329448,"0",824.593017600000053,7.263698722540250,"8","0",,,,,,Difference,"MultiPoint?crs=EPSG:32723&field=Unnamed_%200:long(18,0)&field=ID:long(18,0)&field=X:double(23,15)&field=Y:double(23,15)&field=Population:long(18,0)&field=Elevation:double(23,15)&field=Weight:double(23,15)&field=clusters:long(18,0)&uid={af20f12a-35ce-49ae-b604-99c472f10235}","112"
"113",203174.621899999998277,8508316.801000000908971,"0",875.435974100000180,9.325346411523102,"8","0",,,,,,Difference,"MultiPoint?crs=EPSG:32723&field=Unnamed_%200:long(18,0)&field=ID:long(18,0)&field=X:double(23,15)&field=Y:double(23,15)&field=Population:long(18,0)&field=Elevation:double(23,15)&field=Weight:double(23,15)&field=clusters:long(18,0)&uid={af20f12a-35ce-49ae-b604-99c472f10235}","113"
"114",203140.905200000008335,8509302.070000000298023,"3",819.047973600000205,3.585257081096464,"8","0",,,,,,Difference,"MultiPoint?crs=EPSG:32723&field=Unnamed_%200:long(18,0)&field=ID:long(18,0)&field=X:double(23,15)&field=Y:double(23,15)&field=Population:long(18,0)&field=Elevation:double(23,15)&field=Weight:double(23,15)&field=clusters:long(18,0)&uid={af20f12a-35ce-49ae-b604-99c472f10235}","114"
"115",203107.195500000001630,8510287.336000001057982,"0",938.033996600000023,5.082100676693349,"8","0",,,,,,Difference,"MultiPoint?crs=EPSG:32723&field=Unnamed_%200:long(18,0)&field=ID:long(18,0)&field=X:double(23,15)&field=Y:double(23,15)&field=Population:long(18,0)&field=Elevation:double(23,15)&field=Weight:double(23,15)&field=clusters:long(18,0)&uid={af20f12a-35ce-49ae-b604-99c472f10235}","115"
"116",203073.492800000007264,8511272.598999999463558,"0",923.807983400000012,7.561790899807378,"8","0",,,,,,Difference,"MultiPoint?crs=EPSG:32723&field=Unnamed_%200:long(18,0)&field=ID:long(18,0)&field=X:double(23,15)&field=Y:double(23,15)&field=Population:long(18,0)&field=Elevation:double(23,15)&field=Weight:double(23,15)&field=clusters:long(18,0)&uid={af20f12a-35ce-49ae-b604-99c472f10235}","116"
"117",203039.797099999996135,8512257.858999999240041,"5",911.046997099999999,7.278589649624346,"8","0",,,,,,Difference,"MultiPoint?crs=EPSG:32723&field=Unnamed_%200:long(18,0)&field=ID:long(18,0)&field=X:double(23,15)&field=Y:double(23,15)&field=Population:long(18,0)&field=Elevation:double(23,15)&field=Weight:double(23,15)&field=clusters:long(18,0)&uid={af20f12a-35ce-49ae-b604-99c472f10235}","117"
"118",203006.108399999997346,8513243.116000000387430,"0",925.815002400000026,7.373485992246944,"8","0",,,,,,Difference,"MultiPoint?crs=EPSG:32723&field=Unnamed_%200:long(18,0)&field=ID:long(18,0)&field=X:double(23,15)&field=Y:double(23,15)&field=Population:long(18,0)&field=Elevation:double(23,15)&field=Weight:double(23,15)&field=clusters:long(18,0)&uid={af20f12a-35ce-49ae-b604-99c472f10235}","118"
"119",202972.426700000010896,8514228.369999999180436,"0",899.000976600000172,7.334834580066545,"8","0",,,,,,Difference,"MultiPoint?crs=EPSG:32723&field=Unnamed_%200:long(18,0)&field=ID:long(18,0)&field=X:double(23,15)&field=Y:double(23,15)&field=Population:long(18,0)&field=Elevation:double(23,15)&field=Weight:double(23,15)&field=clusters:long(18,0)&uid={af20f12a-35ce-49ae-b604-99c472f10235}","119"
"120",202938.752000000007683,8515213.620999999344349,"0",993.140014599999972,4.016893236114695,"8","0",,,,,,Difference,"MultiPoint?crs=EPSG:32723&field=Unnamed_%200:long(18,0)&field=ID:long(18,0)&field=X:double(23,15)&field=Y:double(23,15)&field=Population:long(18,0)&field=Elevation:double(23,15)&field=Weight:double(23,15)&field=clusters:long(18,0)&uid={af20f12a-35ce-49ae-b604-99c472f10235}","120"
"121",204291.006699999998091,8505394.380000000819564,"0",933.619018600000004,7.079444039553254,"8","0",,,,,,Difference,"MultiPoint?crs=EPSG:32723&field=Unnamed_%200:long(18,0)&field=ID:long(18,0)&field=X:double(23,15)&field=Y:double(23,15)&field=Population:long(18,0)&field=Elevation:double(23,15)&field=Weight:double(23,15)&field=clusters:long(18,0)&uid={af20f12a-35ce-49ae-b604-99c472f10235}","121"
"122",204257.273099999991246,8506379.651000000536442,"0",887.195983899999987,7.182644292887908,"8","0",,,,,,Difference,"MultiPoint?crs=EPSG:32723&field=Unnamed_%200:long(18,0)&field=ID:long(18,0)&field=X:double(23,15)&field=Y:double(23,15)&field=Population:long(18,0)&field=Elevation:double(23,15)&field=Weight:double(23,15)&field=clusters:long(18,0)&uid={af20f12a-35ce-49ae-b604-99c472f10235}","122"
"123",204223.546499999996740,8507364.917999999597669,"1",919.849975599999993,8.062769354250980,"8","0",,,,,,Difference,"MultiPoint?crs=EPSG:32723&field=Unnamed_%200:long(18,0)&field=ID:long(18,0)&field=X:double(23,15)&field=Y:double(23,15)&field=Population:long(18,0)&field=Elevation:double(23,15)&field=Weight:double(23,15)&field=clusters:long(18,0)&uid={af20f12a-35ce-49ae-b604-99c472f10235}","123"
"124",204189.826899999985471,8508350.183000000193715,"0",927.205017099999964,7.348933133136732,"8","0",,,,,,Difference,"MultiPoint?crs=EPSG:32723&field=Unnamed_%200:long(18,0)&field=ID:long(18,0)&field=X:double(23,15)&field=Y:double(23,15)&field=Population:long(18,0)&field=Elevation:double(23,15)&field=Weight:double(23,15)&field=clusters:long(18,0)&uid={af20f12a-35ce-49ae-b604-99c472f10235}","124"
"125",204156.114200000010896,8509335.444000000134110,"10",817.549987799999826,6.289587759208445,"8","0",,,,,,Difference,"MultiPoint?crs=EPSG:32723&field=Unnamed_%200:long(18,0)&field=ID:long(18,0)&field=X:double(23,15)&field=Y:double(23,15)&field=Population:long(18,0)&field=Elevation:double(23,15)&field=Weight:double(23,15)&field=clusters:long(18,0)&uid={af20f12a-35ce-49ae-b604-99c472f10235}","125"
"126",204122.408499999990454,8510320.702999999746680,"0",919.418029799999999,1.000000000000000,"8","0",,,,,,Difference,"MultiPoint?crs=EPSG:32723&field=Unnamed_%200:long(18,0)&field=ID:long(18,0)&field=X:double(23,15)&field=Y:double(23,15)&field=Population:long(18,0)&field=Elevation:double(23,15)&field=Weight:double(23,15)&field=clusters:long(18,0)&uid={af20f12a-35ce-49ae-b604-99c472f10235}","126"
"127",204088.709800000011455,8511305.957999998703599,"0",973.968017600000053,4.127841522146852,"8","0",,,,,,Difference,"MultiPoint?crs=EPSG:32723&field=Unnamed_%200:long(18,0)&field=ID:long(18,0)&field=X:double(23,15)&field=Y:double(23,15)&field=Population:long(18,0)&field=Elevation:double(23,15)&field=Weight:double(23,15)&field=clusters:long(18,0)&uid={af20f12a-35ce-49ae-b604-99c472f10235}","127"
"128",204055.018099999986589,8512291.211000001057982,"0",984.265991200000030,6.650635398957188,"8","0",,,,,,Difference,"MultiPoint?crs=EPSG:32723&field=Unnamed_%200:long(18,0)&field=ID:long(18,0)&field=X:double(23,15)&field=Y:double(23,15)&field=Population:long(18,0)&field=Elevation:double(23,15)&field=Weight:double(23,15)&field=clusters:long(18,0)&uid={af20f12a-35ce-49ae-b604-99c472f10235}","128"
"129",204021.333299999998417,8513276.461000001057982,"0",980.375976599999944,7.277207553648219,"8","0",,,,,,Difference,"MultiPoint?crs=EPSG:32723&field=Unnamed_%200:long(18,0)&field=ID:long(18,0)&field=X:double(23,15)&field=Y:double(23,15)&field=Population:long(18,0)&field=Elevation:double(23,15)&field=Weight:double(23,15)&field=clusters:long(18,0)&uid={af20f12a-35ce-49ae-b604-99c472f10235}","129"
"130",203987.655499999993481,8514261.707999998703599,"0",1036.530029000000013,7.140644403784277,"8","0",,,,,,Difference,"MultiPoint?crs=EPSG:32723&field=Unnamed_%200:long(18,0)&field=ID:long(18,0)&field=X:double(23,15)&field=Y:double(23,15)&field=Population:long(18,0)&field=Elevation:double(23,15)&field=Weight:double(23,15)&field=clusters:long(18,0)&uid={af20f12a-35ce-49ae-b604-99c472f10235}","130"
"131",203949.230699999985518,8515242.119999999180436,"0",1079.459961000000021,6.361055195837832,"8","0",,,,,,Difference,"MultiPoint?crs=EPSG:32723&field=Unnamed_%200:long(18,0)&field=ID:long(18,0)&field=X:double(23,15)&field=Y:double(23,15)&field=Population:long(18,0)&field=Elevation:double(23,15)&field=Weight:double(23,15)&field=clusters:long(18,0)&uid={af20f12a-35ce-49ae-b604-99c472f10235}","131"
"132",205306.192099999985658,8505427.777000000700355,"0",1031.530029000000013,7.147136260924054,"8","0",,,,,,Difference,"MultiPoint?crs=EPSG:32723&field=Unnamed_%200:long(18,0)&field=ID:long(18,0)&field=X:double(23,15)&field=Y:double(23,15)&field=Population:long(18,0)&field=Elevation:double(23,15)&field=Weight:double(23,15)&field=clusters:long(18,0)&uid={af20f12a-35ce-49ae-b604-99c472f10235}","132"
"133",205272.462700000003679,8506413.041000001132488,"0",1006.169983000000002,7.373364001472082,"8","0",,,,,,Difference,"MultiPoint?crs=EPSG:32723&field=Unnamed_%200:long(18,0)&field=ID:long(18,0)&field=X:double(23,15)&field=Y:double(23,15)&field=Population:long(18,0)&field=Elevation:double(23,15)&field=Weight:double(23,15)&field=clusters:long(18,0)&uid={af20f12a-35ce-49ae-b604-99c472f10235}","133"
"134",205238.740099999995437,8507398.301000000908971,"0",943.856018100000028,9.190171900788195,"8","0",,,,,,Difference,"MultiPoint?crs=EPSG:32723&field=Unnamed_%200:long(18,0)&field=ID:long(18,0)&field=X:double(23,15)&field=Y:double(23,15)&field=Population:long(18,0)&field=Elevation:double(23,15)&field=Weight:double(23,15)&field=clusters:long(18,0)&uid={af20f12a-35ce-49ae-b604-99c472f10235}","134"
"135",205205.024499999999534,8508383.558000000193715,"0",981.580017099999964,9.511360631070009,"8","0",,,,,,Difference,"MultiPoint?crs=EPSG:32723&field=Unnamed_%200:long(18,0)&field=ID:long(18,0)&field=X:double(23,15)&field=Y:double(23,15)&field=Population:long(18,0)&field=Elevation:double(23,15)&field=Weight:double(23,15)&field=clusters:long(18,0)&uid={af20f12a-35ce-49ae-b604-99c472f10235}","135"
"136",205171.315899999986868,8509368.812000000849366,"7",847.651000999999951,7.144518765263641,"8","0",,,,,,Difference,"MultiPoint?crs=EPSG:32723&field=Unnamed_%200:long(18,0)&field=ID:long(18,0)&field=X:double(23,15)&field=Y:double(23,15)&field=Population:long(18,0)&field=Elevation:double(23,15)&field=Weight:double(23,15)&field=clusters:long(18,0)&uid={af20f12a-35ce-49ae-b604-99c472f10235}","136"
"137",205137.614200000010896,8510354.063999999314547,"0",833.197998000000098,6.716347712594475,"8","0",,,,,,Difference,"MultiPoint?crs=EPSG:32723&field=Unnamed_%200:long(18,0)&field=ID:long(18,0)&field=X:double(23,15)&field=Y:double(23,15)&field=Population:long(18,0)&field=Elevation:double(23,15)&field=Weight:double(23,15)&field=clusters:long(18,0)&uid={af20f12a-35ce-49ae-b604-99c472f10235}","137"
"138",205103.919499999989057,8511339.312000000849366,"0",1020.969970999999987,6.676895505713112,"8","0",,,,,,Difference,"MultiPoint?crs=EPSG:32723&field=Unnamed_%200:long(18,0)&field=ID:long(18,0)&field=X:double(23,15)&field=Y:double(23,15)&field=Population:long(18,0)&field=Elevation:double(23,15)&field=Weight:double(23,15)&field=clusters:long(18,0)&uid={af20f12a-35ce-49ae-b604-99c472f10235}","138"
"139",205070.231700000003912,8512324.558000000193715,"0",1076.689941000000090,1.000000000000000,"8","0",,,,,,Difference,"MultiPoint?crs=EPSG:32723&field=Unnamed_%200:long(18,0)&field=ID:long(18,0)&field=X:double(23,15)&field=Y:double(23,15)&field=Population:long(18,0)&field=Elevation:double(23,15)&field=Weight:double(23,15)&field=clusters:long(18,0)&uid={af20f12a-35ce-49ae-b604-99c472f10235}","139"
"140",205036.550799999997253,8513309.800000000745058,"0",1044.260009999999966,7.185738105780692,"8","0",,,,,,Difference,"MultiPoint?crs=EPSG:32723&field=Unnamed_%200:long(18,0)&field=ID:long(18,0)&field=X:double(23,15)&field=Y:double(23,15)&field=Population:long(18,0)&field=Elevation:double(23,15)&field=Weight:double(23,15)&field=clusters:long(18,0)&uid={af20f12a-35ce-49ae-b604-99c472f10235}","140"
"141",204979.200899999996182,8514271.812999999150634,"0",1084.670043999999962,7.060260228955087,"8","0",,,,,,Difference,"MultiPoint?crs=EPSG:32723&field=Unnamed_%200:long(18,0)&field=ID:long(18,0)&field=X:double(23,15)&field=Y:double(23,15)&field=Population:long(18,0)&field=Elevation:double(23,15)&field=Weight:double(23,15)&field=clusters:long(18,0)&uid={af20f12a-35ce-49ae-b604-99c472f10235}","141"
"142",204703.571700000000419,8515054.708999998867512,"0",1076.579956000000038,7.159819410232348,"8","0",,,,,,Difference,"MultiPoint?crs=EPSG:32723&field=Unnamed_%200:long(18,0)&field=ID:long(18,0)&field=X:double(23,15)&field=Y:double(23,15)&field=Population:long(18,0)&field=Elevation:double(23,15)&field=Weight:double(23,15)&field=clusters:long(18,0)&uid={af20f12a-35ce-49ae-b604-99c472f10235}","142"
"143",206321.370300000009593,8505461.167999999597669,"0",1087.630004999999983,7.260445663034214,"8","0",,,,,,Difference,"MultiPoint?crs=EPSG:32723&field=Unnamed_%200:long(18,0)&field=ID:long(18,0)&field=X:double(23,15)&field=Y:double(23,15)&field=Population:long(18,0)&field=Elevation:double(23,15)&field=Weight:double(23,15)&field=clusters:long(18,0)&uid={af20f12a-35ce-49ae-b604-99c472f10235}","143"
"144",206287.644900000013877,8506446.424000000581145,"0",1092.410033999999996,7.230662475439146,"8","0",,,,,,Difference,"MultiPoint?crs=EPSG:32723&field=Unnamed_%200:long(18,0)&field=ID:long(18,0)&field=X:double(23,15)&field=Y:double(23,15)&field=Population:long(18,0)&field=Elevation:double(23,15)&field=Weight:double(23,15)&field=clusters:long(18,0)&uid={af20f12a-35ce-49ae-b604-99c472f10235}","144"
"145",206253.926399999996647,8507431.677000001072884,"0",1094.530029000000013,7.136245559713257,"8","0",,,,,,Difference,"MultiPoint?crs=EPSG:32723&field=Unnamed_%200:long(18,0)&field=ID:long(18,0)&field=X:double(23,15)&field=Y:double(23,15)&field=Population:long(18,0)&field=Elevation:double(23,15)&field=Weight:double(23,15)&field=clusters:long(18,0)&uid={af20f12a-35ce-49ae-b604-99c472f10235}","145"
"146",206220.214899999991758,8508416.927000001072884,"0",944.260009800000034,7.379162599225245,"8","0",,,,,,Difference,"MultiPoint?crs=EPSG:32723&field=Unnamed_%200:long(18,0)&field=ID:long(18,0)&field=X:double(23,15)&field=Y:double(23,15)&field=Population:long(18,0)&field=Elevation:double(23,15)&field=Weight:double(23,15)&field=clusters:long(18,0)&uid={af20f12a-35ce-49ae-b604-99c472f10235}","146"
"147",206186.510299999994459,8509402.174000000581145,"0",1005.739990000000034,7.311295100411619,"8","0",,,,,,Difference,"MultiPoint?crs=EPSG:32723&field=Unnamed_%200:long(18,0)&field=ID:long(18,0)&field=X:double(23,15)&field=Y:double(23,15)&field=Population:long(18,0)&field=Elevation:double(23,15)&field=Weight:double(23,15)&field=clusters:long(18,0)&uid={af20f12a-35ce-49ae-b604-99c472f10235}","147"
"148",206152.812600000004750,8510387.417999999597669,"0",903.393981899999972,7.182201213030194,"8","0",,,,,,Difference,"MultiPoint?crs=EPSG:32723&field=Unnamed_%200:long(18,0)&field=ID:long(18,0)&field=X:double(23,15)&field=Y:double(23,15)&field=Population:long(18,0)&field=Elevation:double(23,15)&field=Weight:double(23,15)&field=clusters:long(18,0)&uid={af20f12a-35ce-49ae-b604-99c472f10235}","148"
"149",206119.121799999993527,8511372.660000000149012,"0",946.908996600000023,6.464318693294448,"8","0",,,,,,Difference,"MultiPoint?crs=EPSG:32723&field=Unnamed_%200:long(18,0)&field=ID:long(18,0)&field=X:double(23,15)&field=Y:double(23,15)&field=Population:long(18,0)&field=Elevation:double(23,15)&field=Weight:double(23,15)&field=clusters:long(18,0)&uid={af20f12a-35ce-49ae-b604-99c472f10235}","149"
"150",206085.437999999994645,8512357.898000000044703,"0",1060.540038999999979,3.007724189062737,"8","0",,,,,,Difference,"MultiPoint?crs=EPSG:32723&field=Unnamed_%200:long(18,0)&field=ID:long(18,0)&field=X:double(23,15)&field=Y:double(23,15)&field=Population:long(18,0)&field=Elevation:double(23,15)&field=Weight:double(23,15)&field=clusters:long(18,0)&uid={af20f12a-35ce-49ae-b604-99c472f10235}","150"
"151",205996.932100000005448,8513291.956000000238419,"0",1096.339966000000004,4.323051493035584,"8","0",,,,,,Difference,"MultiPoint?crs=EPSG:32723&field=Unnamed_%200:long(18,0)&field=ID:long(18,0)&field=X:double(23,15)&field=Y:double(23,15)&field=Population:long(18,0)&field=Elevation:double(23,15)&field=Weight:double(23,15)&field=clusters:long(18,0)&uid={af20f12a-35ce-49ae-b604-99c472f10235}","151"
"152",205695.515000000013970,8514031.063999999314547,"0",1103.619995000000017,7.001048916931484,"8","0",,,,,,Difference,"MultiPoint?crs=EPSG:32723&field=Unnamed_%200:long(18,0)&field=ID:long(18,0)&field=X:double(23,15)&field=Y:double(23,15)&field=Population:long(18,0)&field=Elevation:double(23,15)&field=Weight:double(23,15)&field=clusters:long(18,0)&uid={af20f12a-35ce-49ae-b604-99c472f10235}","152"
"153",207336.541100000002189,8505494.552000001072884,"0",1151.760009999999966,7.180575101130358,"8","0",,,,,,Difference,"MultiPoint?crs=EPSG:32723&field=Unnamed_%200:long(18,0)&field=ID:long(18,0)&field=X:double(23,15)&field=Y:double(23,15)&field=Population:long(18,0)&field=Elevation:double(23,15)&field=Weight:double(23,15)&field=clusters:long(18,0)&uid={af20f12a-35ce-49ae-b604-99c472f10235}","153"
"154",207302.819900000002235,8506479.801000000908971,"0",1083.760009999999966,7.113600913194803,"8","0",,,,,,Difference,"MultiPoint?crs=EPSG:32723&field=Unnamed_%200:long(18,0)&field=ID:long(18,0)&field=X:double(23,15)&field=Y:double(23,15)&field=Population:long(18,0)&field=Elevation:double(23,15)&field=Weight:double(23,15)&field=clusters:long(18,0)&uid={af20f12a-35ce-49ae-b604-99c472f10235}","154"
"155",207269.105500000005122,8507465.047000000253320,"0",1130.010009999999966,7.213593277951982,"8","0",,,,,,Difference,"MultiPoint?crs=EPSG:32723&field=Unnamed_%200:long(18,0)&field=ID:long(18,0)&field=X:double(23,15)&field=Y:double(23,15)&field=Population:long(18,0)&field=Elevation:double(23,15)&field=Weight:double(23,15)&field=clusters:long(18,0)&uid={af20f12a-35ce-49ae-b604-99c472f10235}","155"
"156",207235.397999999986496,8508450.289999999105930,"0",1059.560058999999910,7.053766355048686,"8","0",,,,,,Difference,"MultiPoint?crs=EPSG:32723&field=Unnamed_%200:long(18,0)&field=ID:long(18,0)&field=X:double(23,15)&field=Y:double(23,15)&field=Population:long(18,0)&field=Elevation:double(23,15)&field=Weight:double(23,15)&field=clusters:long(18,0)&uid={af20f12a-35ce-49ae-b604-99c472f10235}","156"
"157",207201.697400000004563,8509435.529999999329448,"0",1116.099975999999970,9.136576557150402,"8","0",,,,,,Difference,"MultiPoint?crs=EPSG:32723&field=Unnamed_%200:long(18,0)&field=ID:long(18,0)&field=X:double(23,15)&field=Y:double(23,15)&field=Population:long(18,0)&field=Elevation:double(23,15)&field=Weight:double(23,15)&field=clusters:long(18,0)&uid={af20f12a-35ce-49ae-b604-99c472f10235}","157"
"158",207168.003700000001118,8510420.767000000923872,"0",1095.709961000000021,9.083875304916230,"8","0",,,,,,Difference,"MultiPoint?crs=EPSG:32723&field=Unnamed_%200:long(18,0)&field=ID:long(18,0)&field=X:double(23,15)&field=Y:double(23,15)&field=Population:long(18,0)&field=Elevation:double(23,15)&field=Weight:double(23,15)&field=clusters:long(18,0)&uid={af20f12a-35ce-49ae-b604-99c472f10235}","158"
"159",207134.316900000005262,8511406.001000000163913,"0",1076.209961000000021,7.191528992143588,"8","0",,,,,,Difference,"MultiPoint?crs=EPSG:32723&field=Unnamed_%200:long(18,0)&field=ID:long(18,0)&field=X:double(23,15)&field=Y:double(23,15)&field=Population:long(18,0)&field=Elevation:double(23,15)&field=Weight:double(23,15)&field=clusters:long(18,0)&uid={af20f12a-35ce-49ae-b604-99c472f10235}","159"
"160",207002.141600000002654,8512305.923000000417233,"0",1114.520019999999931,5.580418969803087,"8","0",,,,,,Difference,"MultiPoint?crs=EPSG:32723&field=Unnamed_%200:long(18,0)&field=ID:long(18,0)&field=X:double(23,15)&field=Y:double(23,15)&field=Population:long(18,0)&field=Elevation:double(23,15)&field=Weight:double(23,15)&field=clusters:long(18,0)&uid={af20f12a-35ce-49ae-b604-99c472f10235}","160"
"161",206687.429399999993620,8513007.382000001147389,"0",1133.099975999999970,3.069165722677834,"8","0",,,,,,Difference,"MultiPoint?crs=EPSG:32723&field=Unnamed_%200:long(18,0)&field=ID:long(18,0)&field=X:double(23,15)&field=Y:double(23,15)&field=Population:long(18,0)&field=Elevation:double(23,15)&field=Weight:double(23,15)&field=clusters:long(18,0)&uid={af20f12a-35ce-49ae-b604-99c472f10235}","161"
"162",208284.277299999987008,8507498.411000000312924,"0",1154.229980000000069,7.052783713740059,"8","0",,,,,,Difference,"MultiPoint?crs=EPSG:32723&field=Unnamed_%200:long(18,0)&field=ID:long(18,0)&field=X:double(23,15)&field=Y:double(23,15)&field=Population:long(18,0)&field=Elevation:double(23,15)&field=Weight:double(23,15)&field=clusters:long(18,0)&uid={af20f12a-35ce-49ae-b604-99c472f10235}","162"
"163",208250.573899999988498,8508483.646999999880791,"0",1122.469970999999987,7.224217415716870,"8","0",,,,,,Difference,"MultiPoint?crs=EPSG:32723&field=Unnamed_%200:long(18,0)&field=ID:long(18,0)&field=X:double(23,15)&field=Y:double(23,15)&field=Population:long(18,0)&field=Elevation:double(23,15)&field=Weight:double(23,15)&field=clusters:long(18,0)&uid={af20f12a-35ce-49ae-b604-99c472f10235}","163"
"164",208216.877299999992829,8509468.880000000819564,"0",1148.780029000000013,7.059420487313059,"8","0",,,,,,Difference,"MultiPoint?crs=EPSG:32723&field=Unnamed_%200:long(18,0)&field=ID:long(18,0)&field=X:double(23,15)&field=Y:double(23,15)&field=Population:long(18,0)&field=Elevation:double(23,15)&field=Weight:double(23,15)&field=clusters:long(18,0)&uid={af20f12a-35ce-49ae-b604-99c472f10235}","164"
"165",208183.166200000006938,8510454.087000001221895,"0",1143.099975999999970,7.065494621467677,"8","0",,,,,,Difference,"MultiPoint?crs=EPSG:32723&field=Unnamed_%200:long(18,0)&field=ID:long(18,0)&field=X:double(23,15)&field=Y:double(23,15)&field=Population:long(18,0)&field=Elevation:double(23,15)&field=Weight:double(23,15)&field=clusters:long(18,0)&uid={af20f12a-35ce-49ae-b604-99c472f10235}","165"
"166",207989.573000000003958,8511317.095000000670552,"0",1150.609985000000052,7.074466610549552,"8","0",,,,,,Difference,"MultiPoint?crs=EPSG:32723&field=Unnamed_%200:long(18,0)&field=ID:long(18,0)&field=X:double(23,15)&field=Y:double(23,15)&field=Population:long(18,0)&field=Elevation:double(23,15)&field=Weight:double(23,15)&field=clusters:long(18,0)&uid={af20f12a-35ce-49ae-b604-99c472f10235}","166"
"167",207679.314699999988079,8511983.662000000476837,"0",1110.010009999999966,7.146084470351084,"8","0",,,,,,Difference,"MultiPoint?crs=EPSG:32723&field=Unnamed_%200:long(18,0)&field=ID:long(18,0)&field=X:double(23,15)&field=Y:double(23,15)&field=Population:long(18,0)&field=Elevation:double(23,15)&field=Weight:double(23,15)&field=clusters:long(18,0)&uid={af20f12a-35ce-49ae-b604-99c472f10235}","167"
"168",209223.003999999986263,8509493.115000000223517,"0",1218.550048999999944,7.073467102664440,"8","0",,,,,,Difference,"MultiPoint?crs=EPSG:32723&field=Unnamed_%200:long(18,0)&field=ID:long(18,0)&field=X:double(23,15)&field=Y:double(23,15)&field=Population:long(18,0)&field=Elevation:double(23,15)&field=Weight:double(23,15)&field=clusters:long(18,0)&uid={af20f12a-35ce-49ae-b604-99c472f10235}","168"
"169",208972.598800000007031,8510312.252000000327826,"0",1171.219970999999987,7.075273349397049,"8","0",,,,,,Difference,"MultiPoint?crs=EPSG:32723&field=Unnamed_%200:long(18,0)&field=ID:long(18,0)&field=X:double(23,15)&field=Y:double(23,15)&field=Population:long(18,0)&field=Elevation:double(23,15)&field=Weight:double(23,15)&field=clusters:long(18,0)&uid={af20f12a-35ce-49ae-b604-99c472f10235}","169"
"170",199113.728499999997439,8508183.212999999523163,"0",893.864013699999987,6.056271229268114,"8","1","3740","3682",54590.000000000000000,,1015.783991623814472,Intersection,"MultiPoint?crs=EPSG:32723&field=Unnamed_%200:long(18,0)&field=ID:long(18,0)&field=X:double(23,15)&field=Y:double(23,15)&field=Population:long(18,0)&field=Elevation:double(23,15)&field=Weight:double(23,15)&field=clusters:long(18,0)&field=ID1:long(18,0)&field=ID2:long(18,0)&field=Weight_2:double(23,15)&field=id_2:double(23,15)&field=line_lengt:double(23,15)&uid={02cab9de-eae8-4259-a0c3-ecf494d6f1a7}","170"
"171",200128.962999999988824,8508216.619999999180436,"0",751.827026399999795,4.588564977587410,"8","1","3797","3740",60054.000000000000000,,1414.588853022060448,Intersection,"MultiPoint?crs=EPSG:32723&field=Unnamed_%200:long(18,0)&field=ID:long(18,0)&field=X:double(23,15)&field=Y:double(23,15)&field=Population:long(18,0)&field=Elevation:double(23,15)&field=Weight:double(23,15)&field=clusters:long(18,0)&field=ID1:long(18,0)&field=ID2:long(18,0)&field=Weight_2:double(23,15)&field=id_2:double(23,15)&field=line_lengt:double(23,15)&uid={02cab9de-eae8-4259-a0c3-ecf494d6f1a7}","171"
"172",200128.962999999988824,8508216.619999999180436,"0",751.827026399999795,4.588564977587410,"8","1","3740","3682",54590.000000000000000,,1015.783991623814472,Intersection,"MultiPoint?crs=EPSG:32723&field=Unnamed_%200:long(18,0)&field=ID:long(18,0)&field=X:double(23,15)&field=Y:double(23,15)&field=Population:long(18,0)&field=Elevation:double(23,15)&field=Weight:double(23,15)&field=clusters:long(18,0)&field=ID1:long(18,0)&field=ID2:long(18,0)&field=Weight_2:double(23,15)&field=id_2:double(23,15)&field=line_lengt:double(23,15)&uid={02cab9de-eae8-4259-a0c3-ecf494d6f1a7}","172"
"173",201110.465200000006007,8509235.302999999374151,"6",809.370971700000041,3.895093161946463,"8","1","3852","3797",44988.000000000000000,,1015.772539897934848,Intersection,"MultiPoint?crs=EPSG:32723&field=Unnamed_%200:long(18,0)&field=ID:long(18,0)&field=X:double(23,15)&field=Y:double(23,15)&field=Population:long(18,0)&field=Elevation:double(23,15)&field=Weight:double(23,15)&field=clusters:long(18,0)&field=ID1:long(18,0)&field=ID2:long(18,0)&field=Weight_2:double(23,15)&field=id_2:double(23,15)&field=line_lengt:double(23,15)&uid={02cab9de-eae8-4259-a0c3-ecf494d6f1a7}","173"
"174",201110.465200000006007,8509235.302999999374151,"6",809.370971700000041,3.895093161946463,"8","1","3797","3740",60054.000000000000000,,1414.588853022060448,Intersection,"MultiPoint?crs=EPSG:32723&field=Unnamed_%200:long(18,0)&field=ID:long(18,0)&field=X:double(23,15)&field=Y:double(23,15)&field=Population:long(18,0)&field=Elevation:double(23,15)&field=Weight:double(23,15)&field=clusters:long(18,0)&field=ID1:long(18,0)&field=ID2:long(18,0)&field=Weight_2:double(23,15)&field=id_2:double(23,15)&field=line_lengt:double(23,15)&uid={02cab9de-eae8-4259-a0c3-ecf494d6f1a7}","174"
"175",202125.688900000008289,8509268.689999999478459,"6",785.221008299999994,4.960384272634358,"8","1","3905","3852",101380.000000000000000,,1416.457943889353828,Intersection,"MultiPoint?crs=EPSG:32723&field=Unnamed_%200:long(18,0)&field=ID:long(18,0)&field=X:double(23,15)&field=Y:double(23,15)&field=Population:long(18,0)&field=Elevation:double(23,15)&field=Weight:double(23,15)&field=clusters:long(18,0)&field=ID1:long(18,0)&field=ID2:long(18,0)&field=Weight_2:double(23,15)&field=id_2:double(23,15)&field=line_lengt:double(23,15)&uid={02cab9de-eae8-4259-a0c3-ecf494d6f1a7}","175"
"176",202125.688900000008289,8509268.689999999478459,"6",785.221008299999994,4.960384272634358,"8","1","3852","3797",44988.000000000000000,,1015.772539897934848,Intersection,"MultiPoint?crs=EPSG:32723&field=Unnamed_%200:long(18,0)&field=ID:long(18,0)&field=X:double(23,15)&field=Y:double(23,15)&field=Population:long(18,0)&field=Elevation:double(23,15)&field=Weight:double(23,15)&field=clusters:long(18,0)&field=ID1:long(18,0)&field=ID2:long(18,0)&field=Weight_2:double(23,15)&field=id_2:double(23,15)&field=line_lengt:double(23,15)&uid={02cab9de-eae8-4259-a0c3-ecf494d6f1a7}","176"
"177",203174.621899999998277,8508316.801000000908971,"0",875.435974100000180,9.325346411523102,"8","1","3905","3852",101380.000000000000000,,1416.457943889353828,Intersection,"MultiPoint?crs=EPSG:32723&field=Unnamed_%200:long(18,0)&field=ID:long(18,0)&field=X:double(23,15)&field=Y:double(23,15)&field=Population:long(18,0)&field=Elevation:double(23,15)&field=Weight:double(23,15)&field=clusters:long(18,0)&field=ID1:long(18,0)&field=ID2:long(18,0)&field=Weight_2:double(23,15)&field=id_2:double(23,15)&field=line_lengt:double(23,15)&uid={02cab9de-eae8-4259-a0c3-ecf494d6f1a7}","177"
